id;Full_Name;Project_id;Nomination;Prize;login;password
1;Автоном Димитриевич Гуляев;7851;Меняющие реальность;2874000;Автоном_ДГ;va)X1p!Za3
2;Ольга Матвеевна Журавлева;2578;Проект будущего;2910000;Ольга_МЖ;xX.8R0mqU2
3;Спартак Ефстафьевич Ильин;5981;Проект будущего;2373000;Спартак_ЕИ;hZrPNje)6d
4;Антонина Александровна Архипова;2706;Двигатель прогресса;676000;Антонина_АА;LrvDb3EOJr
5;Никандр Яковлевич Соловьев;9961;Меняющие реальность;1452000;Никандр_ЯС;alMOugxiRb
6;Святослав Тихонович Казаков;8349;Двигатель прогресса;935000;Святослав_ТК;ONnR0WrVG2
7;Дементий Филатович Потапов;8009;Меняющие реальность;2701000;Дементий_ФП;!eMg7sCoK7
8;Фёкла Тарасовна Филиппова;2726;Лидеры инноваций;2905000;Фёкла_ТФ;LT0Et6SyTp
9;Андрей Федотович Гришин;2088;Молодой новатор;2382000;Андрей_ФГ;tcdqHA2D8k
10;Творимир Юльевич Федоров;5981;Проект будущего;2693000;Творимир_ЮФ;s3M8l?zm7Y
11;Акулина Ефимовна Суханова;3760;Двигатель прогресса;980000;Акулина_ЕС;TlXSw1GVyn
12;Богдан Давидович Прохоров;8080;Молодой новатор;1900000;Богдан_ДП;RU4Ai1LF3l
13;Гордей Артемьевич Щербаков;1728;Лидеры инноваций;1369000;Гордей_АЩ;rn5M5tx)ey
14;Анна Александровна Владимирова;3554;Меняющие реальность;2723000;Анна_АВ;BLo!fIlic7
15;Глеб Гурьевич Селезнев;7702;Меняющие реальность;1801000;Глеб_ГС;1gczl5qavp
16;Спартак Владиленович Моисеев;6986;Двигатель прогресса;NULL;Спартак_ВМ;N8WEv1leH!
17;Август Давыдович Крюков;7318;Молодой новатор;380000;Август_ДК;sNLeUkTZoC
18;Автоном Афанасьевич Моисеев;5121;Двигатель прогресса;2636000;Автоном_АМ;t46ru.Cp7M
19;Карл Адамович Кузнецов;2414;Молодой новатор;NULL;Карл_АК;IUlhu1wb)N
20;Лука Трифонович Сафонов;3973;Двигатель прогресса;1801000;Лука_ТС;1m1.fFBI!A
21;Агата Никифоровна Жукова;9175;Лидеры инноваций;1165000;Агата_НЖ;YwgzxeEur7
22;Софрон Елисеевич Иванов;3296;Проект будущего;2827000;Софрон_ЕИ;EWDBe7VlUG
23;Антонина Константиновна Егорова;2308;Меняющие реальность;1779000;Антонина_КЕ;S??9PD0gCr
24;Антонина Мироновна Одинцова;7293;Проект будущего;1690000;Антонина_МО;!jTgVz4sdt
25;Маргарита Яковлевна Игнатова;2866;Меняющие реальность;2949000;Маргарита_ЯИ;prm6Z6tjxd
26;Автоном Марсович Савин;7416;Молодой новатор;2289000;Автоном_МС;!T8y9H0p6Y
27;Пелагея Викторовна Игнатьева;9891;Двигатель прогресса;499000;Пелагея_ВИ;qwLkYCHNXJ
28;Елисей Даниилович Карпов;5260;Лидеры инноваций;1882000;Елисей_ДК;2KNIxJEgEn
29;Трофим Феоктистович Терентьев;2034;Двигатель прогресса;1171000;Трофим_ФТ;MG(9o95QJ)
30;Татьяна Святославовна Копылова;1088;Меняющие реальность;731000;Татьяна_СК;wY.itCB!qO
31;Касьян Трифонович Егоров;1883;Меняющие реальность;2470000;Касьян_ТЕ;dCFMFPu8Iq
32;Олимпий Анатольевич Юдин;3468;Лидеры инноваций;1752000;Олимпий_АЮ;h6xVFqv)kn
33;Алевтина Вадимовна Васильева;8815;Молодой новатор;2138000;Алевтина_ВВ;8t1BNg7dyk
34;Агафья Константиновна Герасимова;6986;Двигатель прогресса;1490000;Агафья_КГ;Momfx0Aw6.
35;Фрол Федосьевич Шарапов;4535;Двигатель прогресса;2017000;Фрол_ФШ;WUzRCvJXME
36;Семен Богданович Зимин;5379;Проект будущего;304000;Семен_БЗ;b0GOjoqLHo
37;Нинель Николаевна Жукова;7603;Лидеры инноваций;2321000;Нинель_НЖ;3y34w25XzJ
38;Чеслав Владленович Шаров;7154;Лидеры инноваций;1958000;Чеслав_ВШ;LId(dT(.UG
39;Иннокентий Венедиктович Михеев;6986;Двигатель прогресса;977000;Иннокентий_ВМ;56PyvMbbnR
40;Галина Феликсовна Петухова;2484;Молодой новатор;906000;Галина_ФП;YpFal1zf(m
41;Ким Елисеевич Осипов;4388;Молодой новатор;1438000;Ким_ЕО;ivu1MLu7eo
42;Прасковья Алексеевна Панфилова;2292;Проект будущего;1900000;Прасковья_АП;sZpZRo9paV
43;Мартын Жанович Носков;6148;Проект будущего;2985000;Мартын_ЖН;s)91PqF0(k
44;Кира Захаровна Прохорова;7131;Молодой новатор;2202000;Кира_ЗП;WW.jNTmT6a
45;Вениамин Андреевич Антонов;1895;Меняющие реальность;806000;Вениамин_АА;dxInOHeAcx
46;Виктория Никифоровна Прохорова;1794;Молодой новатор;2455000;Виктория_НП;O!CWJUPp3x
47;Анжела Федоровна Пестова;8492;Проект будущего;2145000;Анжела_ФП;U)HW2qk4OU
48;Майя Леонидовна Хохлова;1939;Лидеры инноваций;617000;Майя_ЛХ;UgSuRnp997
49;Самсон Трифонович Якушев;7003;Лидеры инноваций;757000;Самсон_ТЯ;hrF7sOsAhY
50;Яков Матвеевич Маслов;8373;Меняющие реальность;1705000;Яков_ММ;26dGNOkr)n
51;Ювеналий Георгиевич Воронов;9178;Меняющие реальность;2288000;Ювеналий_ГВ;(CcM).0pN7
52;Анна Степановна Костина;3478;Меняющие реальность;1601000;Анна_СК;7wYH54BdKH
53;Артемий Якубович Зайцев;5884;Проект будущего;2532000;Артемий_ЯЗ;Pr.(1icFnm
54;Лавр Гурьевич Юдин;9698;Лидеры инноваций;132000;Лавр_ГЮ;ciyxzy9g0k
55;Агафья Эльдаровна Копылова;5298;Проект будущего;138000;Агафья_ЭК;pRfafHAI3d
56;Маргарита Владимировна Ермакова;4698;Меняющие реальность;1481000;Маргарита_ВЕ;lvP7Mb4H0H
57;Аникита Денисович Носов;8851;Проект будущего;1849000;Аникита_ДН;DPtFk?Xpkg
58;Владлен Арсеньевич Селиверстов;9698;Двигатель прогресса;2832000;Владлен_АС;(TOsCCH5rz
59;Елена Васильевна Белякова;7003;Лидеры инноваций;1172000;Елена_ВБ;OZfoz1g1cN
60;Ерофей Владиславович Тихонов;6362;Меняющие реальность;1659000;Ерофей_ВТ;nwzxu93hz0
61;Дмитрий Харлампович Бобылев;6106;Двигатель прогресса;261000;Дмитрий_ХБ;DbGfD8t69Q
62;Раиса Кузьминична Трофимова;4198;Меняющие реальность;NULL;Раиса_КТ;xqvsMDgO1z
63;Ирина Станиславовна Сорокина;2034;Меняющие реальность;571000;Ирина_СС;dCb?pOlI2A
64;Ангелина Яковлевна Силина;9728;Проект будущего;2817000;Ангелина_ЯС;jHT8Z!9FK6
65;Михей Жанович Устинов;7850;Молодой новатор;1159000;Михей_ЖУ;Eb86whFTBJ
66;Марина Богдановна Богданова;7980;Двигатель прогресса;2796000;Марина_ББ;KZ3pvAstNL
67;Аркадий Григорьевич Исаков;5981;Меняющие реальность;1861000;Аркадий_ГИ;lb8kXz4ILm
68;Стоян Фролович Рогов;4083;Проект будущего;1378000;Стоян_ФР;ma7JW0PCaI
69;Мстислав Артурович Антонов;9251;Проект будущего;633000;Мстислав_АА;mftR(ZzDLz
70;Аполлон Гаврилович Ширяев;1754;Проект будущего;1272000;Аполлон_ГШ;a.yF)Dm(D)
71;Анжелика Анатольевна Полякова;2414;Проект будущего;519000;Анжелика_АП;obtmfbw!ky
72;Елена Болеславовна Ермакова;2908;Молодой новатор;246000;Елена_БЕ;YzWwm57P.l
73;Агап Чеславович Емельянов;6535;Двигатель прогресса;1725000;Агап_ЧЕ;ux!rlEOav1
74;Леон Эдгарович Колобов;6106;Меняющие реальность;1296000;Леон_ЭК;iswj0aXBqd
75;Афиноген Бориславович Юдин;9516;Молодой новатор;1146000;Афиноген_БЮ;xP64PzgWOU
76;Агафья Аркадьевна Рябова;7954;Меняющие реальность;1223000;Агафья_АР;)E1ToCWbZo
77;София Валериевна Макарова;3383;Проект будущего;1776000;София_ВМ;hzOimVbj4w
78;Родион Авдеевич Власов;4056;Молодой новатор;1501000;Родион_АВ;HmJ3BOAUwF
79;Акулина Семеновна Васильева;9223;Меняющие реальность;2702000;Акулина_СВ;zvGNpiYgi)
80;Арсений Демьянович Беляев;1496;Молодой новатор;2707000;Арсений_ДБ;5pXAw?id1K
81;Владлен Арсеньевич Рыбаков;1819;Меняющие реальность;596000;Владлен_АР;)FlcOOemqx
82;Борис Эдгарович Брагин;3489;Двигатель прогресса;494000;Борис_ЭБ;XD1.VyjxLp
83;Ратибор Адрианович Харитонов;4994;Проект будущего;1874000;Ратибор_АХ;gskr.HMzHB
84;Феврония Леонидовна Доронина;3691;Лидеры инноваций;1703000;Феврония_ЛД;xjLiuDwxR!
85;Кондрат Эдгардович Поляков;7769;Лидеры инноваций;942000;Кондрат_ЭП;o5wtXvUBNU
86;Ольга Федоровна Сысоева;2184;Двигатель прогресса;1832000;Ольга_ФС;aV77hV40hg
87;Лидия Максимовна Кириллова;1722;Двигатель прогресса;723000;Лидия_МК;f2YpRlEKAs
88;Глафира Александровна Ершова;7589;Меняющие реальность;2759000;Глафира_АЕ;R9N.mB0BhI
89;Алина Вячеславовна Исаева;2110;Меняющие реальность;2675000;Алина_ВИ;v(murnvfaJ
90;Аскольд Марсович Красильников;3982;Меняющие реальность;2537000;Аскольд_МК;HsUrmRHeZM
91;Анисим Владиленович Баранов;2549;Молодой новатор;2656000;Анисим_ВБ;eMwZRmwZ)7
92;Октябрина Валериевна Григорьева;6395;Лидеры инноваций;177000;Октябрина_ВГ;yvStOPJL.Z
93;Никандр Игоревич Юдин;1061;Двигатель прогресса;2208000;Никандр_ИЮ;56jonciUOT
94;Валерьян Ерофеевич Шилов;5792;Меняющие реальность;1174000;Валерьян_ЕШ;aggIfaM(?x
95;Прасковья Олеговна Николаева;8349;Лидеры инноваций;1997000;Прасковья_ОН;H9Qm7.gkZ4
96;Клавдий Игнатович Королев;9694;Лидеры инноваций;NULL;Клавдий_ИК;4RRW71A4aH
97;Наталья Даниловна Евдокимова;2578;Меняющие реальность;2254000;Наталья_ДЕ;tcUCmU1j!L
98;Глафира Владиславовна Воронцова;5195;Лидеры инноваций;1435000;Глафира_ВВ;eLEfC57Eqg
99;Зиновий Давыдович Белоусов;4198;Молодой новатор;1878000;Зиновий_ДБ;7k3(unO3W(
100;София Сергеевна Михеева;3921;Лидеры инноваций;545000;София_СМ;pQFeHLi?Zg
101;Екатерина Альбертовна Кудрявцева;4428;Двигатель прогресса;1429000;Екатерина_АК;8pW8spe2(F
102;Мариан Валентинович Рыбаков;8888;Молодой новатор;1533000;Мариан_ВР;sEIsJdFA(a
103;Нинель Архиповна Крюкова;3128;Двигатель прогресса;2433000;Нинель_АК;zv4J0CkWiA
104;Екатерина Антоновна Вишнякова;4136;Молодой новатор;1204000;Екатерина_АВ;p7SSzQEHxP
105;Илья Фролович Уваров;6274;Проект будущего;923000;Илья_ФУ;LxQ9AlWGlu
106;Надежда Архиповна Алексеева;7060;Молодой новатор;350000;Надежда_АА;W?f142mlI0
107;Максимильян Евстигнеевич Зиновьев;7687;Меняющие реальность;2933000;Максимильян_ЕЗ;5)xIH)j)Q.
108;Феоктист Всеволодович Лебедев;4512;Проект будущего;2822000;Феоктист_ВЛ;4HCNtTsHNR
109;Елена Мироновна Соболева;1070;Двигатель прогресса;1704000;Елена_МС;.L!uMdzfM)
110;Глафира Яковлевна Семенова;4994;Двигатель прогресса;2285000;Глафира_ЯС;jUZloMl!!f
111;Марфа Александровна Петухова;2034;Лидеры инноваций;1790000;Марфа_АП;VH7A75)PZG
112;Аким Елизарович Сафонов;7293;Лидеры инноваций;1958000;Аким_ЕС;HlkxApUG1N
113;Венедикт Чеславович Лебедев;9162;Проект будущего;1705000;Венедикт_ЧЛ;QP8RY!Nly5
114;Вера Александровна Михеева;3914;Молодой новатор;1657000;Вера_АМ;Fd4oe3IhWU
115;Лавр Ильич Титов;5491;Двигатель прогресса;1580000;Лавр_ИТ;nbEjBYGsO1
116;Ульяна Яковлевна Зыкова;2557;Двигатель прогресса;581000;Ульяна_ЯЗ;KlTH8ei9?T
117;Алексей Адамович Рыбаков;5168;Меняющие реальность;2653000;Алексей_АР;Mzyp!m9j8o
118;Кир Бориславович Комаров;5332;Меняющие реальность;856000;Кир_БК;XE7UsWv6Xl
119;Митофан Аксёнович Федоров;1162;Проект будущего;291000;Митофан_АФ;ykIkeYJ1V9
120;Савелий Германович Зыков;1206;Меняющие реальность;839000;Савелий_ГЗ;2!x?Y(ij2y
121;Елисей Ефимович Кошелев;2557;Проект будущего;250000;Елисей_ЕК;yoXmj!j7yr
122;Адриан Яковлевич Денисов;8779;Двигатель прогресса;1950000;Адриан_ЯД;1FU9Yzmo6d
123;Селиверст Даниилович Большаков;6847;Меняющие реальность;1524000;Селиверст_ДБ;o7B2D7jCNU
124;Владислав Федосеевич Фадеев;3344;Проект будущего;467000;Владислав_ФФ;cFq3fitJDo
125;Игорь Харитонович Устинов;1883;Меняющие реальность;1169000;Игорь_ХУ;I5EgnKvNCr
126;Алина Семеновна Игнатьева;9110;Молодой новатор;2724000;Алина_СИ;65BMMiiRBW
127;Всеволод Яковлевич Сафонов;5981;Молодой новатор;1501000;Всеволод_ЯС;Y3m3POOEOE
128;Селиверст Давидович Щукин;1512;Меняющие реальность;757000;Селиверст_ДЩ;jGdRQoYM!C
129;Анжелика Артемовна Потапова;3722;Лидеры инноваций;2469000;Анжелика_АП;fSOs?zbZrH
130;Адриан Витальевич Захаров;4237;Лидеры инноваций;172000;Адриан_ВЗ;9eX.yLva(i
131;Исидор Ануфриевич Субботин;5228;Меняющие реальность;2919000;Исидор_АС;rlPvSZ1?mj
132;Лора Ждановна Исаева;6395;Меняющие реальность;2796000;Лора_ЖИ;2!qSfpr.I0
133;Афиноген Трифонович Аксенов;4083;Молодой новатор;2515000;Афиноген_ТА;hp)3(Ng!oH
134;Акулина Викторовна Коновалова;3855;Меняющие реальность;1761000;Акулина_ВК;V2.3vSMe??
135;Марина Ефимовна Тетерина;4994;Меняющие реальность;1748000;Марина_ЕТ;yXkad9UxEx
136;Парфен Васильевич Михеев;2308;Молодой новатор;2345000;Парфен_ВМ;iwtUtYQH8v
137;Оксана Оскаровна Быкова;6007;Проект будущего;2009000;Оксана_ОБ;6R1CiKC?nP
138;Ираида Степановна Соколова;9961;Двигатель прогресса;338000;Ираида_СС;wpOxFZmb22
139;Лариса Вадимовна Тетерина;2959;Двигатель прогресса;113000;Лариса_ВТ;lO3Ew!knw?
140;Дарья Эдуардовна Кулакова;8333;Проект будущего;909000;Дарья_ЭК;tSr6LRNwGU
141;Эмиль Гордеевич Пестов;9454;Лидеры инноваций;2283000;Эмиль_ГП;9YXRkT8oSW
142;Кира Эдуардовна Юдина;6986;Двигатель прогресса;2967000;Кира_ЭЮ;kxHluKFU(p
143;Наталья Ждановна Стрелкова;1332;Проект будущего;2871000;Наталья_ЖС;zRo!(XFglp
144;Борислав Фокич Филиппов;7312;Двигатель прогресса;1665000;Борислав_ФФ;nXmEZuyzrU
145;Назар Феодосьевич Красильников;3773;Двигатель прогресса;2619000;Назар_ФК;AvDNprh6z.
146;Чеслав Викентьевич Филиппов;9465;Лидеры инноваций;1570000;Чеслав_ВФ;W?sKQOAMN)
147;Прокл Васильевич Пестов;3656;Меняющие реальность;331000;Прокл_ВП;Is)F0ck2sI
148;Агата Матвеевна Маслова;5307;Лидеры инноваций;463000;Агата_ММ;z5SMvo8!HI
149;Федосий Ермилович Кузьмин;1332;Проект будущего;897000;Федосий_ЕК;vhLc3mE)))
150;Павел Глебович Королев;7131;Молодой новатор;1669000;Павел_ГК;qTTg5LMH?z
151;Ладимир Федотович Осипов;5121;Двигатель прогресса;1021000;Ладимир_ФО;oVv?w(NgnI
152;Владилен Августович Шарапов;1775;Лидеры инноваций;1241000;Владилен_АШ;TMgVE3Ct9n
153;Виктория Ивановна Цветкова;6761;Молодой новатор;1927000;Виктория_ИЦ;h1FGHeiFOO
154;Олимпиада Кирилловна Иванова;6638;Меняющие реальность;351000;Олимпиада_КИ;oqB1HK2gar
155;Фирс Елизарович Шаров;9036;Двигатель прогресса;1385000;Фирс_ЕШ;Qr1OsX1vTC
156;Ипат Давыдович Мартынов;5332;Лидеры инноваций;622000;Ипат_ДМ;Sg8hq.!SdL
157;Марина Ждановна Уварова;7451;Меняющие реальность;2856000;Марина_ЖУ;I9TaI3XU!0
158;Ксения Игоревна Баранова;2088;Меняющие реальность;2074000;Ксения_ИБ;GPzhTg2gIO
159;Аркадий Ефимович Жуков;6274;Проект будущего;768000;Аркадий_ЕЖ;Kh.tS)u2vH
160;Фёкла Романовна Осипова;2034;Меняющие реальность;2339000;Фёкла_РО;smctBgOHi9
161;Никон Артурович Орлов;4237;Лидеры инноваций;1155000;Никон_АО;S7P3?ka14G
162;Раиса Тарасовна Куликова;8888;Меняющие реальность;970000;Раиса_ТК;M58T05Fgdq
163;Феврония Афанасьевна Большакова;6311;Двигатель прогресса;961000;Феврония_АБ;pVYhztP32O
164;Ким Валерьевич Константинов;9676;Двигатель прогресса;2520000;Ким_ВК;GkK7.HgJPM
165;Ольга Вадимовна Громова;4495;Молодой новатор;998000;Ольга_ВГ;1T8!k7vc?C
166;Демид Филимонович Куликов;4446;Меняющие реальность;2559000;Демид_ФК;4v?jm(EuWO
167;Олимпий Харитонович Русаков;7589;Молодой новатор;2997000;Олимпий_ХР;ZF3rmFApo0
168;Тихон Ерофеевич Воробьев;4428;Меняющие реальность;682000;Тихон_ЕВ;AdAAkE!(FC
169;Исидор Гурьевич Блинов;9002;Молодой новатор;NULL;Исидор_ГБ;0v1SpcWd9!
170;Лидия Львовна Галкина;5195;Молодой новатор;1124000;Лидия_ЛГ;USazX1QCFm
171;Алла Кузьминична Зайцева;2768;Меняющие реальность;NULL;Алла_КЗ;lLqBu.wUO0
172;Анна Наумовна Куликова;6155;Молодой новатор;1041000;Анна_НК;ZzkYdf52qn
173;Болеслав Августович Рожков;2480;Меняющие реальность;2408000;Болеслав_АР;5HCGSVhG.R
174;София Аскольдовна Моисеева;3722;Молодой новатор;2875000;София_АМ;nd5sV7w2jY
175;Богдан Иосипович Овчинников;8557;Двигатель прогресса;2140000;Богдан_ИО;79P!b0urnf
176;Нинель Артемовна Носкова;6461;Молодой новатор;2522000;Нинель_АН;OfVcGNC.Xv
177;Борислав Антонович Комиссаров;6761;Проект будущего;680000;Борислав_АК;!pr.kR)Nl9
178;Иванна Анатольевна Кулакова;2480;Проект будущего;NULL;Иванна_АК;5XhwZYIglg
179;Любовь Вячеславовна Медведева;4083;Двигатель прогресса;2828000;Любовь_ВМ;pqSjtl3ykY
180;Марфа Сергеевна Мельникова;3855;Молодой новатор;1354000;Марфа_СМ;hp(H9Ezz8P
181;Наталья Вячеславовна Евдокимова;9178;Лидеры инноваций;2884000;Наталья_ВЕ;1D083n9Ysp
182;Аким Федосеевич Мартынов;9223;Лидеры инноваций;1060000;Аким_ФМ;C!RzmOqxOe
183;Аверьян Дорофеевич Рогов;5400;Меняющие реальность;947000;Аверьян_ДР;uKe)ISb4QP
184;Евлампий Глебович Филатов;2419;Лидеры инноваций;794000;Евлампий_ГФ;dxjV)rHXdD
185;Ратибор Феоктистович Горбунов;7792;Лидеры инноваций;745000;Ратибор_ФГ;OcWCplb.?!
186;Архип Фокич Мишин;6638;Молодой новатор;2198000;Архип_ФМ;yy7yviC4Z)
187;Эмилия Николаевна Степанова;8165;Проект будущего;1682000;Эмилия_НС;1?8Yx)tX.z
188;Жанна Юльевна Лихачева;2947;Меняющие реальность;1546000;Жанна_ЮЛ;xb?EtLB.cj
189;Митофан Бориславович Ермаков;1332;Меняющие реальность;1920000;Митофан_БЕ;nZdNc6h4lQ
190;Фаина Владиславовна Большакова;1496;Проект будущего;2973000;Фаина_ВБ;fCUIbXHn4J
191;Иван Арсенович Киселев;4923;Молодой новатор;1827000;Иван_АК;bXpMHBwIRY
192;Добромысл Германович Константинов;6262;Меняющие реальность;415000;Добромысл_ГК;YbAtLarxG1
193;Татьяна Рубеновна Степанова;1939;Меняющие реальность;2644000;Татьяна_РС;vntfZkpGri
194;Регина Егоровна Кириллова;3722;Молодой новатор;1520000;Регина_ЕК;qiucCrvdZ8
195;Савва Эдгарович Кудряшов;8283;Двигатель прогресса;2548000;Савва_ЭК;b)V)NHbdRf
196;Марфа Вениаминовна Орлова;3821;Меняющие реальность;509000;Марфа_ВО;VMQkupxLv5
197;Клавдия Федоровна Алексеева;2706;Молодой новатор;1081000;Клавдия_ФА;5!pV9nrb.3
198;Вячеслав Филатович Кириллов;1939;Двигатель прогресса;739000;Вячеслав_ФК;13Jm9laHYk
199;Клавдия Тарасовна Зыкова;7240;Двигатель прогресса;NULL;Клавдия_ТЗ;9ISQpJBfDp
200;Галина Аркадьевна Шилова;1939;Проект будущего;2058000;Галина_АШ;4QuEbDs1ul
201;Виталий Георгиевич Григорьев;3556;Проект будущего;2147000;Виталий_ГГ;HWawvitpfi
202;Эмилия Сергеевна Гусева;7197;Проект будущего;1378000;Эмилия_СГ;1sUU3zLcw.
203;Тихон Андреевич Евдокимов;4428;Молодой новатор;NULL;Тихон_АЕ;d)B9YUGQ8G
204;Боян Зиновьевич Осипов;2152;Лидеры инноваций;2925000;Боян_ЗО;!lo6Dhhhc(
205;Ольга Харитоновна Рожкова;6395;Меняющие реальность;1952000;Ольга_ХР;Dtu2M8FpcG
206;Василиса Максимовна Герасимова;1358;Меняющие реальность;463000;Василиса_МГ;jJZfrxMkYJ
207;София Семеновна Лаврентьева;8080;Проект будущего;2124000;София_СЛ;BKkDI(7150
208;Антонина Михайловна Зуева;5325;Лидеры инноваций;658000;Антонина_МЗ;EcB!NG5d4W
209;Галина Наумовна Панфилова;8018;Молодой новатор;2930000;Галина_НП;Eouz!cIZeF
210;Орлов Лаврентий Витальевич;5988;Молодой новатор;1747000;Орлов_ЛВ;.JA8GOC4f!
211;Виктория Кузьминична Гордеева;5228;Молодой новатор;842000;Виктория_КГ;X5Fl3SYnNz
212;Ермил Аксёнович Терентьев;8062;Двигатель прогресса;1456000;Ермил_АТ;YIbOdFummv
213;Кузьма Аксёнович Павлов;7318;Меняющие реальность;515000;Кузьма_АП;E5eb!ETI?S
214;Панкрат Жоресович Королев;3821;Проект будущего;1464000;Панкрат_ЖК;u8nUF7eAJg
215;Феврония Андреевна Князева;4237;Двигатель прогресса;1022000;Феврония_АК;A!)2rw9ks3
216;Климент Демьянович Гущин;5325;Молодой новатор;2298000;Климент_ДГ;vAmR9(ffI8
217;Евдокия Валериевна Щербакова;4994;Проект будущего;1622000;Евдокия_ВЩ;wg.wrpKMa7
218;Анисим Матвеевич Никитин;3834;Меняющие реальность;2645000;Анисим_МН;sUK19akktS
219;Таисия Львовна Павлова;6789;Молодой новатор;2098000;Таисия_ЛП;8Zr7mZaAK!
220;Фотий Августович Громов;9649;Меняющие реальность;2256000;Фотий_АГ;8WF!c(s9m1
221;Элеонора Юльевна Аксенова;9437;Лидеры инноваций;302000;Элеонора_ЮА;qC2lBxWvQ5
222;Гордеева Елизавета Юрьевна;7318;Проект будущего;570000;Гордеева_ЕЮ;ZN4SNi!2Ze
223;Зиновий Трофимович Стрелков;7636;Двигатель прогресса;2860000;Зиновий_ТС;BC9g7FQxSI
224;Дарья Ниловна Юдина;2384;Лидеры инноваций;2036000;Дарья_НЮ;dhKCHyzci0
225;Иларион Харламович Медведев;7553;Двигатель прогресса;1410000;Иларион_ХМ;io8IYsV!py
226;Ирина Филипповна Маркова;5233;Двигатель прогресса;561000;Ирина_ФМ;X3ANfG)2l5
227;Афанасий Тарасович Волков;3516;Проект будущего;1327000;Афанасий_ТВ;)Ymlc.5tfJ
228;Фадей Трифонович Гущин;5379;Молодой новатор;2013000;Фадей_ТГ;3N!jtc9rJw
229;Евдокия Алексеевна Аксенова;5537;Двигатель прогресса;571000;Евдокия_АА;iTdnrQooA0
230;Антонина Мироновна Симонова;6155;Лидеры инноваций;765000;Антонина_МС;Euh6KXHqi!
231;Татьяна Львовна Тимофеева;8045;Меняющие реальность;1787000;Татьяна_ЛТ;arMaT8HShp
232;Леонтий Герасимович Кононов;3855;Проект будущего;2175000;Леонтий_ГК;W4NS0TtK3E
233;Валерия Альбертовна Ефремова;4087;Молодой новатор;1835000;Валерия_АЕ;W7zt6iXwJA
234;Владимир Витальевич Баранов;2706;Лидеры инноваций;1238000;Владимир_ВБ;nOxDLCPAj1
235;Марфа Руслановна Рыбакова;7514;Проект будущего;1066000;Марфа_РР;iwkPygGjVx
236;Ерофей Архипович Цветков;5045;Двигатель прогресса;2070000;Ерофей_АЦ;LGugToat?P
237;Зосима Владленович Марков;9251;Двигатель прогресса;503000;Зосима_ВМ;AsZn1PBEiP
238;Эдуард Бориславович Соколов;7589;Лидеры инноваций;1763000;Эдуард_БС;S7u97EO9eL
239;Феврония Тимофеевна Гущина;3821;Лидеры инноваций;862000;Феврония_ТГ;WdsWcbkmHr
240;Святослав Венедиктович Волков;3296;Двигатель прогресса;228000;Святослав_ВВ;UmsBV!5vjs
241;Регина Харитоновна Русакова;2822;Проект будущего;363000;Регина_ХР;hpioWB4Ozn
242;Глафира Наумовна Лазарева;9311;Лидеры инноваций;2709000;Глафира_НЛ;nXz56WY(c)
243;Дарья Романовна Рожкова;3556;Проект будущего;1842000;Дарья_РР;vBKhYW8GNZ
244;Богдан Артёмович Федоров;8492;Молодой новатор;617000;Богдан_АФ;M!5yuzR8yL
245;Акулина Федоровна Шашкова;5186;Молодой новатор;2792000;Акулина_ФШ;1jehg?qTuN
246;Ульян Захарьевич Логинов;5160;Молодой новатор;1730000;Ульян_ЗЛ;!46SS(1Z4L
247;Таисия Захаровна Рогова;1814;Двигатель прогресса;1627000;Таисия_ЗР;GF5g8w7(r!
248;Глафира Валериевна Лапина;6789;Лидеры инноваций;2346000;Глафира_ВЛ;a4klLRt9lb
249;Олимпиада Егоровна Панова;2412;Молодой новатор;1806000;Олимпиада_ЕП;xeOI1vG0Mg
250;Герасим Фёдорович Никифоров;6155;Лидеры инноваций;549000;Герасим_ФН;6(R9W9mW3B
251;Олимпиада Ивановна Маркова;5699;Молодой новатор;NULL;Олимпиада_ИМ;A(98m1pG)O
252;Елена Кузьминична Михайлова;1420;Меняющие реальность;2420000;Елена_КМ;Bo?4e0EIJ?
253;Полина Юльевна Морозова;2768;Двигатель прогресса;1535000;Полина_ЮМ;hy2CbU.JKY
254;Парфен Герасимович Зайцев;9578;Двигатель прогресса;1203000;Парфен_ГЗ;NBbfFzwY6G
255;Пантелеймон Эдуардович Кононов;2222;Молодой новатор;1526000;Пантелеймон_ЭК;vHQrE75qWs
256;Аверкий Тимурович Ефимов;8670;Меняющие реальность;2836000;Аверкий_ТЕ;oTzxRqQ.sK
257;Семен Еремеевич Веселов;3409;Лидеры инноваций;1468000;Семен_ЕВ;r7MTx51(yq
258;Всеволод Давидович Кулаков;9162;Молодой новатор;1501000;Всеволод_ДК;z?xnwhi9uv
259;Никодим Исидорович Гурьев;9473;Лидеры инноваций;2887000;Никодим_ИГ;Z3x8mD)E9z
260;Вера Викторовна Пономарева;3982;Молодой новатор;1140000;Вера_ВП;TFIsEvv5aZ
261;Екатерина Юрьевна Иванова;4486;Проект будущего;2916000;Екатерина_ЮИ;6o916!g9t5
262;Ангелина Рудольфовна Артемьева;7494;Молодой новатор;NULL;Ангелина_РА;8s7IWnAKic
263;Елена Вадимовна Королева;2578;Молодой новатор;768000;Елена_ВК;MoxBrBcmwZ
264;Автоном Венедиктович Шилов;2822;Двигатель прогресса;194000;Автоном_ВШ;EqaW?PIJjW
265;Агап Владиленович Алексеев;8851;Лидеры инноваций;NULL;Агап_ВА;YpDu2Prf0W
266;Кира Романовна Кудрявцева;4945;Молодой новатор;1562000;Кира_РК;AF2JMrhxeX
267;Добромысл Аверьянович Попов;2854;Лидеры инноваций;858000;Добромысл_АП;K(YQhtJKwN
268;Фаина Макаровна Крюкова;8031;Меняющие реальность;1179000;Фаина_МК;VZqpNa5J9Q
269;Ульяна Аркадьевна Тимофеева;5627;Молодой новатор;1972000;Ульяна_АТ;G(J3VO.An!
270;Прасковья Эльдаровна Моисеева;1604;Лидеры инноваций;1673000;Прасковья_ЭМ;lZr96ahRSC
271;Кондратий Александрович Доронин;5022;Лидеры инноваций;1256000;Кондратий_АД;Vm7KF?SUAg
272;Полина Никифоровна Сазонова;7779;Двигатель прогресса;2879000;Полина_НС;grVNg4Mdhl
273;Любовь Степановна Лапина;6106;Молодой новатор;254000;Любовь_СЛ;y4TS2ANnN0
274;Никон Бориславович Князев;4817;Двигатель прогресса;2890000;Никон_БК;8!t(EV5c!T
275;Маргарита Ниловна Блинова;2236;Двигатель прогресса;2727000;Маргарита_НБ;jmrc?EI.Hf
276;Евграф Георгиевич Громов;2088;Проект будущего;2692000;Евграф_ГГ;2zmcuV5bSo
277;Екатерина Леонидовна Герасимова;4535;Двигатель прогресса;1901000;Екатерина_ЛГ;UmHKF51T!U
278;Карп Арсеньевич Горшков;1206;Молодой новатор;952000;Карп_АГ;N87mzlrpdx
279;Фортунат Валерианович Ермаков;1080;Проект будущего;378000;Фортунат_ВЕ;s7sT8wYTpt
280;Маргарита Игоревна Горбачева;5387;Лидеры инноваций;2958000;Маргарита_ИГ;.xQyyR0(Jd
281;Вероника Никифоровна Егорова;3701;Меняющие реальность;1344000;Вероника_НЕ;9g0RiDPunH
282;Наум Всеволодович Прохоров;4237;Молодой новатор;2391000;Наум_ВП;imLscQFZK?
283;Василий Харламович Бобылев;7603;Меняющие реальность;2318000;Василий_ХБ;DwpsBeYh6y
284;Евфросиния Ждановна Кудряшова;8557;Молодой новатор;899000;Евфросиния_ЖК;pdkM9v5SUr
285;Фадей Жанович Лыткин;6503;Меняющие реальность;985000;Фадей_ЖЛ;MWqqLgxsUe
286;Фирс Жанович Афанасьев;3973;Проект будущего;1673000;Фирс_ЖА;V.uDVm8LRh
287;Дарья Романовна Миронова;1305;Проект будущего;2992000;Дарья_РМ;HlpxaCl!bQ
288;Анастасия Андреевна Кузьмина;4056;Лидеры инноваций;291000;Анастасия_АК;5iHJaI1mw1
289;Святослав Васильевич Мишин;2067;Меняющие реальность;1749000;Святослав_ВМ;zTP?JK3AyD
290;Фёкла Макаровна Коновалова;7134;Молодой новатор;1690000;Фёкла_МК;8D2J8Sa7sn
291;Полина Рубеновна Хохлова;3821;Меняющие реальность;1155000;Полина_РХ;D2lkmiVc!d
292;Акулина Даниловна Данилова;2292;Молодой новатор;1535000;Акулина_ДД;MvnuD0G8(7
293;Зоя Ивановна Симонова;1070;Двигатель прогресса;864000;Зоя_ИС;TpYwnwLMD6
294;Нинель Натановна Маслова;7779;Меняющие реальность;1042000;Нинель_НМ;qhOEE5s0(1
295;Нинель Львовна Ковалева;6007;Проект будущего;2781000;Нинель_ЛК;Z!I0Mqs9VH
296;Евпраксия Степановна Логинова;6428;Лидеры инноваций;2001000;Евпраксия_СЛ;f)tFZ00?cy
297;Синклитикия Вениаминовна Зимина;4214;Двигатель прогресса;327000;Синклитикия_ВЗ;Xrq9pahQkd
298;Мечислав Викентьевич Рыбаков;1443;Лидеры инноваций;1069000;Мечислав_ВР;O(h5ZyQb4)
299;Платон Филимонович Попов;7954;Меняющие реальность;1013000;Платон_ФП;wUdmPFyiyT
300;Валерия Богдановна Шашкова;3106;Проект будущего;2730000;Валерия_БШ;b0ExcK0RUH
301;Изот Якубович Филатов;3561;Двигатель прогресса;2638000;Изот_ЯФ;36.dG.QKHr
302;Валерий Игнатьевич Максимов;3296;Проект будущего;143000;Валерий_ИМ;5fFNlpTzi?
303;Эмилия Олеговна Морозова;1604;Лидеры инноваций;357000;Эмилия_ОМ;N8THVaQTdI
304;Фаина Аркадьевна Королева;7821;Меняющие реальность;2301000;Фаина_АК;?JIbZdMU9!
305;Карл Ильясович Бирюков;6517;Лидеры инноваций;2973000;Карл_ИБ;GpmLlyUW6k
306;Агафья Артемовна Ершова;9454;Лидеры инноваций;1342000;Агафья_АЕ;8m9HsC)?5M
307;Исай Эдгарович Мартынов;5379;Двигатель прогресса;379000;Исай_ЭМ;OaObHkU)1e
308;Федор Харлампович Фомичев;7090;Двигатель прогресса;1842000;Федор_ХФ;3)zOVRA8Lm
309;Афанасий Ильич Петухов;3898;Двигатель прогресса;2682000;Афанасий_ИП;3MNCgLKbp3
310;Агафья Владиславовна Павлова;2172;Меняющие реальность;1235000;Агафья_ВП;pgYdb01!rt
311;Григорий Афанасьевич Муравьев;2152;Лидеры инноваций;1345000;Григорий_АМ;ToZ(bCxP0M
312;Нинель Антоновна Калашникова;4923;Проект будущего;1316000;Нинель_АК;QJrjIOfiiL
313;Януарий Давыдович Мухин;7197;Меняющие реальность;1644000;Януарий_ДМ;FUdJTy.mSS
314;Алла Олеговна Куликова;5906;Двигатель прогресса;1167000;Алла_ОК;JoUcak7dZH
315;Ананий Елисеевич Лукин;2200;Двигатель прогресса;1454000;Ананий_ЕЛ;(oqCJB2O33
316;Дарья Афанасьевна Симонова;6761;Молодой новатор;1323000;Дарья_АС;p6txhL52)Y
317;Евгения Тимуровна Цветкова;3393;Молодой новатор;2979000;Евгения_ТЦ;wE)QGb7Hlj
318;Рубен Геннадиевич Громов;1604;Лидеры инноваций;1417000;Рубен_ГГ;4mnCd7bZHK
319;Василиса Петровна Котова;7134;Проект будущего;2815000;Василиса_ПК;TcKlU?Jm?i
320;Савва Валерианович Фадеев;3952;Меняющие реальность;2440000;Савва_ВФ;iZZzWR9FC6
321;Панкрат Владиславович Бобров;1420;Двигатель прогресса;2515000;Панкрат_ВБ;aNUCzL5yBx
322;Кира Феликсовна Лобанова;5003;Лидеры инноваций;1682000;Кира_ФЛ;rmGQ17DIwn
323;Сигизмунд Гурьевич Лобанов;4945;Двигатель прогресса;2742000;Сигизмунд_ГЛ;z6AZuNLRZ0
324;Любовь Борисовна Никонова;2987;Лидеры инноваций;1965000;Любовь_БН;oW2?bzz0uu
325;Любомир Вилорович Терентьев;2172;Меняющие реальность;2949000;Любомир_ВТ;czxn0lfYYh
326;Максим Власович Кудрявцев;9961;Меняющие реальность;2079000;Максим_ВК;WCogdok6A.
327;Сократ Ерофеевич Антонов;8031;Двигатель прогресса;2086000;Сократ_ЕА;Q7yq8o7cj1
328;Ирина Артемовна Зуева;2822;Проект будущего;2481000;Ирина_АЗ;EnTJIRhzP2
329;Лазарь Фёдорович Лапин;4201;Меняющие реальность;2788000;Лазарь_ФЛ;?aqm40uR?I
330;Прокл Анатольевич Баранов;4058;Лидеры инноваций;NULL;Прокл_АБ;?(OMcCzaR9
331;Мартын Исидорович Мишин;1754;Проект будущего;545000;Мартын_ИМ;JU.397zsYl
332;Потап Якубович Князев;7078;Молодой новатор;2932000;Потап_ЯК;JwQAb(kBnj
333;София Львовна Шубина;4143;Лидеры инноваций;1761000;София_ЛШ;Xlv6DvFQll
334;Раиса Геннадиевна Кондратьева;3556;Молодой новатор;2070000;Раиса_ГК;UD5VhsqXJ)
335;Вера Эдуардовна Воробьева;1206;Меняющие реальность;677000;Вера_ЭВ;HfNSSEOxqo
336;Стоян Марсович Кириллов;4097;Меняющие реальность;888000;Стоян_МК;?ApiVl96Xo
337;Феоктист Еремеевич Кононов;1266;Двигатель прогресса;2749000;Феоктист_ЕК;5XF.jBYaQ8
338;Лучезар Аверьянович Селиверстов;7702;Молодой новатор;2786000;Лучезар_АС;FFyLnKSbZh
339;Евфросиния Робертовна Шашкова;2897;Двигатель прогресса;1848000;Евфросиния_РШ;xBqwu0wH1H
340;Порфирий Евстигнеевич Лыткин;4307;Молодой новатор;NULL;Порфирий_ЕЛ;Q79PleOagX
341;Жанна Феликсовна Васильева;1904;Меняющие реальность;1524000;Жанна_ФВ;WN(SlYXiFt
342;Пелагея Кирилловна Гаврилова;7211;Меняющие реальность;2236000;Пелагея_КГ;AxikZtOUHb
343;Валентин Бенедиктович Гордеев;1775;Лидеры инноваций;639000;Валентин_БГ;!j6!dz1YFf
344;Евдокия Константиновна Власова;4201;Молодой новатор;1005000;Евдокия_КВ;nPTis.!cwN
345;Евфросиния Викторовна Ермакова;4495;Меняющие реальность;256000;Евфросиния_ВЕ;QI7K?2IHyU
346;Фёкла Сергеевна Ковалева;8165;Двигатель прогресса;691000;Фёкла_СК;MLnk9CaifX
347;Полина Дмитриевна Кулакова;7003;Лидеры инноваций;2769000;Полина_ДК;JpyiIVkVeO
348;Елена Робертовна Кудряшова;7293;Проект будущего;1247000;Елена_РК;q5?Xfy42qa
349;Наталья Эльдаровна Воробьева;4724;Лидеры инноваций;812000;Наталья_ЭВ;aSJhjJpwYU
350;Лариса Аскольдовна Иванова;1832;Двигатель прогресса;2477000;Лариса_АИ;F9vVf(AlqM
351;Феофан Захарьевич Петухов;5981;Двигатель прогресса;2100000;Феофан_ЗП;NqHJHPHs1x
352;Евсей Гурьевич Горбачев;5699;Меняющие реальность;2439000;Евсей_ГГ;RqmzHnaSSG
353;Лидия Федоровна Новикова;3855;Двигатель прогресса;459000;Лидия_ФН;dH6q.2k9WE
354;Лука Абрамович Устинов;7349;Двигатель прогресса;305000;Лука_АУ;?w2Jwr0OQs
355;Гедеон Ермолаевич Петухов;7922;Двигатель прогресса;262000;Гедеон_ЕП;w3eiCeel2x
356;Нестор Харлампович Кононов;9719;Двигатель прогресса;2248000;Нестор_ХК;V9djo7iMeW
357;Будимир Гавриилович Котов;8526;Двигатель прогресса;707000;Будимир_ГК;UeG?SDlZ)1
358;Исидор Власович Родионов;5332;Меняющие реальность;1258000;Исидор_ВР;y8!PdFW)DZ
359;Наталья Афанасьевна Шестакова;6485;Проект будущего;925000;Наталья_АШ;1zC7K.VT!)
360;Николай Эдуардович Гаврилов;5387;Меняющие реальность;NULL;Николай_ЭГ;AadPhDT9AC
361;Юрий Устинович Кононов;8684;Двигатель прогресса;1151000;Юрий_УК;aIAgc7HS4a
362;Любовь Никифоровна Прохорова;9578;Проект будущего;1067000;Любовь_НП;)3y0)zvuWZ
363;Харлампий Бенедиктович Анисимов;6761;Молодой новатор;2104000;Харлампий_БА;scRe7uhTY0
364;Оксана Анатольевна Блинова;3701;Лидеры инноваций;420000;Оксана_АБ;m7L2Cj7NPt
365;Ксения Феликсовна Галкина;6735;Меняющие реальность;2811000;Ксения_ФГ;Quxic2bIHR
366;Октябрина Робертовна Игнатьева;6155;Лидеры инноваций;899000;Октябрина_РИ;Qkc0tVtRak
367;Гурий Брониславович Кудрявцев;6415;Лидеры инноваций;1217000;Гурий_БК;uS4HZQIXt!
368;София Харитоновна Гордеева;3356;Молодой новатор;2970000;София_ХГ;NF)emnds1g
369;Зинаида Никифоровна Пестова;8851;Лидеры инноваций;2119000;Зинаида_НП;0cY)Qer2Z0
370;Сократ Ильясович Веселов;1266;Лидеры инноваций;171000;Сократ_ИВ;GaBewMQn)v
371;Аникита Викентьевич Родионов;8287;Лидеры инноваций;271000;Аникита_ВР;RVy7ko!uKC
372;Эмилия Викторовна Лобанова;8287;Двигатель прогресса;2120000;Эмилия_ВЛ;u4lrG48vGC
373;Аристарх Устинович Шубин;8080;Лидеры инноваций;953000;Аристарх_УШ;C8Y?hen(9V
374;Ярополк Давидович Поляков;8587;Меняющие реальность;1323000;Ярополк_ДП;bKy5.)V50X
375;Полина Николаевна Мишина;7524;Двигатель прогресса;NULL;Полина_НМ;vcBeHeQE).
376;Светлана Яковлевна Лазарева;7762;Лидеры инноваций;1166000;Светлана_ЯЛ;HPW6eTyAZt
377;Алексей Жоресович Савельев;5078;Проект будущего;1591000;Алексей_ЖС;vpciQLvyUV
378;Панкрат Артурович Чернов;7293;Молодой новатор;982000;Панкрат_АЧ;nDsDTGtv7g
379;Евстигней Ермолаевич Фадеев;5379;Проект будущего;927000;Евстигней_ЕФ;DKwjbgpYIa
380;Тихон Фокич Смирнов;9178;Двигатель прогресса;1220000;Тихон_ФС;HhubIWINk8
381;Устин Эдуардович Мишин;9465;Меняющие реальность;2036000;Устин_ЭМ;0NY(JU37D8
382;Валерия Архиповна Шашкова;2726;Меняющие реальность;1165000;Валерия_АШ;J9m0BmG7lP
383;Полина Ефимовна Казакова;9251;Проект будущего;1739000;Полина_ЕК;xrN9w1GnnQ
384;Дорофей Ефремович Соболев;3128;Меняющие реальность;1452000;Дорофей_ЕС;aOqUNcYZEe
385;Павел Афанасьевич Комаров;6506;Меняющие реальность;327000;Павел_АК;9BgoCxZ9W9
386;Галактион Ефимович Наумов;9516;Лидеры инноваций;2520000;Галактион_ЕН;1Y1NowM530
387;Анжела Богдановна Егорова;6891;Меняющие реальность;722000;Анжела_БЕ;xzJaS731N5
388;Анжелика Архиповна Трофимова;5491;Меняющие реальность;NULL;Анжелика_АТ;R8oJhCHP2Z
389;Вячеслав Иларионович Кононов;1904;Проект будущего;2070000;Вячеслав_ИК;hHI!9qHVnN
390;Фома Августович Красильников;4428;Лидеры инноваций;NULL;Фома_АК;0a)IvLxoGd
391;Ипат Феодосьевич Ефремов;5045;Проект будущего;NULL;Ипат_ФЕ;BDVQTCImv6
392;Ратибор Захарьевич Васильев;5211;Молодой новатор;190000;Ратибор_ЗВ;AEvtskw635
393;Татьяна Егоровна Моисеева;8185;Проект будущего;2503000;Татьяна_ЕМ;rZwht2)!bg
394;Фотий Афанасьевич Логинов;3383;Молодой новатор;2912000;Фотий_АЛ;a1NsxC)8rE
395;Парфен Глебович Одинцов;3554;Меняющие реальность;693000;Парфен_ГО;Dmo)!ub6JD
396;Мефодий Харлампьевич Овчинников;2034;Проект будущего;1061000;Мефодий_ХО;(.bT.FSPkW
397;Серафим Архипович Мельников;9110;Проект будущего;2604000;Серафим_АМ;40JqtnBR(n
398;Вера Валериевна Кузнецова;6790;Проект будущего;2471000;Вера_ВК;yrccsC5Z2!
399;Анна Евгеньевна Дроздова;9110;Проект будущего;2852000;Анна_ЕД;jgQanF?Wd8
400;Виктория Эльдаровна Голубева;1300;Проект будущего;NULL;Виктория_ЭГ;7BaMBplqwL
